Website URL,Privacy Policy,Terms of Service,Language
https://www.ampathy.com,Y,Y,en
https://provenio.ai/,Y,Y,en
https://yourtreasury.ai/en/content/,Y,Y,en
https://www.dealcar.io/,N,N,es
https://www.exocore.network/,N,N,en
https://www.journify.io,Y,Y,en
https://www.omnispay.com,Y,Y,en
https://www.kaptaspace.com,N,N,en
https://pulsetto.tech,N,N,error
https://appstorys.com,Y,Y,en
https://deutsche-sanierungsberatung.de,N,N,de
https://www.wearegenial.com/,N,N,fr
https://www.circnova.com,N,N,error
https://www.proximityhealth.com,Y,Y,en
https://www.mansafinance.co/,Y,Y,en
https://www.ctgt.ai/,Y,Y,en
https://www.chimigen.com/,N,N,zh-cn
http://variational.ai,Y,Y,en
https://www.henry.ai/,N,Y,en
https://safeintelligence.ai,Y,Y,en
http://zymvol.com/,Y,N,en
https://www.scale-energy.eco/,Y,N,en
https://drinkhiyo.com/,N,N,error
https://visa2fly.com,Y,Y,en
https://www.onetab.ai/,Y,Y,en
https://finovo.co.jp/,N,N,ja
https://www.bharatkrushiseva.com,Y,Y,en
https://www.edgetutor.co/,Y,N,en
https://www.invirtuolabs.com,N,N,en
https://www.geofy.co/,N,N,sv
https://whereable.ai,N,N,en
https://www.openinfer.io/,Y,N,en
https://www.karomia.eu/,Y,N,en
https://bliro.io,Y,Y,de
https://www.upwell.com,N,Y,en
https://sola-diagnostics.com/en/,Y,N,en
https://pocketmindapp.com,N,N,en
https://www.fluent.xyz/,N,N,error
https://www.reverbtx.com/,Y,Y,en
https://www.gomboc.ai,Y,Y,en
https://www.runpulse.com/,Y,Y,en
https://connecteve.com,N,N,en
https://www.hyperlume.com/,N,N,en
https://lingjingai.cn/,N,N,zh-cn
https://www.purple-ai.co,N,N,error
https://www.sawmills.ai,N,Y,en
https://metergrid.de/,N,N,de
https://focoos.ai/,Y,Y,en
https://www.mavvrik.ai,N,N,en
https://stacks.ai,Y,N,en
https://www.valaratomics.com/,N,N,en
https://rileyapp.com/,Y,Y,en
https://serverpod.dev,N,N,en
https://siliconflow.cn,Y,N,en
https://www.aidenauto.com,Y,N,en
https://www.aura.life,Y,Y,en
https://www.twinwiz.co.kr/ko/index.php,N,N,ko
https://agrilectric.in/,N,N,en
https://www.aheadcomputing.com,Y,N,en
https://drinkpolly.de/,N,N,error
https://www.lion-storage.nl/,N,N,en
https://11dynamics.com,Y,Y,en
https://kyndatech.com/,N,N,en
https://www.aiotcloud.app/,Y,Y,en
https://vivalyx.com,Y,N,en
http://www.cliexa.com,Y,N,en
https://restimo.com/,Y,Y,en
https://karmanplus.com,N,N,en
https://econicpartners.com/,Y,Y,en
https://brineworks.tech/,N,N,en
https://www.thewayo.com/,N,N,error
https://dialai.ca,Y,Y,en
https://singulr.ai,Y,Y,en
https://valid.co,Y,Y,en
https://keebler.health/,Y,Y,en
http://www.sunystar.com,N,N,zh-cn
https://fronterahealth.com/,Y,Y,en
http://www.fetii.com,Y,Y,en
https://www.healthfab.in/,N,N,error
https://www.dynolt.com,N,N,en
https://www.subsense-bci.com/,N,N,en
http://www.schalod.com/,N,N,zh-cn
https://swishclub.in,Y,Y,en
https://www.handly.app,N,N,de
https://augmetec.com,Y,Y,en
https://www.dabchy.com/,N,N,fr
https://paperplanetherapeutics.com/en/,Y,Y,en
https://www.tereform.com/,N,N,en
https://www.vema.earth,Y,Y,en
https://www.wavo.fr/,N,N,fr
https://www.aomni.com,Y,Y,en
https://www.vetverifi.com/,Y,Y,en
https://www.semron.ai,Y,N,en
,,,
